[{"model": "auth.permission", "pk": 1, "fields": {"name": "Can add log entry", "content_type": 1, "codename": "add_logentry"}}, {"model": "auth.permission", "pk": 2, "fields": {"name": "Can change log entry", "content_type": 1, "codename": "change_logentry"}}, {"model": "auth.permission", "pk": 3, "fields": {"name": "Can delete log entry", "content_type": 1, "codename": "delete_logentry"}}, {"model": "auth.permission", "pk": 4, "fields": {"name": "Can view log entry", "content_type": 1, "codename": "view_logentry"}}, {"model": "auth.permission", "pk": 5, "fields": {"name": "Can add permission", "content_type": 2, "codename": "add_permission"}}, {"model": "auth.permission", "pk": 6, "fields": {"name": "Can change permission", "content_type": 2, "codename": "change_permission"}}, {"model": "auth.permission", "pk": 7, "fields": {"name": "Can delete permission", "content_type": 2, "codename": "delete_permission"}}, {"model": "auth.permission", "pk": 8, "fields": {"name": "Can view permission", "content_type": 2, "codename": "view_permission"}}, {"model": "auth.permission", "pk": 9, "fields": {"name": "Can add group", "content_type": 3, "codename": "add_group"}}, {"model": "auth.permission", "pk": 10, "fields": {"name": "Can change group", "content_type": 3, "codename": "change_group"}}, {"model": "auth.permission", "pk": 11, "fields": {"name": "Can delete group", "content_type": 3, "codename": "delete_group"}}, {"model": "auth.permission", "pk": 12, "fields": {"name": "Can view group", "content_type": 3, "codename": "view_group"}}, {"model": "auth.permission", "pk": 13, "fields": {"name": "Can add user", "content_type": 4, "codename": "add_user"}}, {"model": "auth.permission", "pk": 14, "fields": {"name": "Can change user", "content_type": 4, "codename": "change_user"}}, {"model": "auth.permission", "pk": 15, "fields": {"name": "Can delete user", "content_type": 4, "codename": "delete_user"}}, {"model": "auth.permission", "pk": 16, "fields": {"name": "Can view user", "content_type": 4, "codename": "view_user"}}, {"model": "auth.permission", "pk": 17, "fields": {"name": "Can add content type", "content_type": 5, "codename": "add_contenttype"}}, {"model": "auth.permission", "pk": 18, "fields": {"name": "Can change content type", "content_type": 5, "codename": "change_contenttype"}}, {"model": "auth.permission", "pk": 19, "fields": {"name": "Can delete content type", "content_type": 5, "codename": "delete_contenttype"}}, {"model": "auth.permission", "pk": 20, "fields": {"name": "Can view content type", "content_type": 5, "codename": "view_contenttype"}}, {"model": "auth.permission", "pk": 21, "fields": {"name": "Can add session", "content_type": 6, "codename": "add_session"}}, {"model": "auth.permission", "pk": 22, "fields": {"name": "Can change session", "content_type": 6, "codename": "change_session"}}, {"model": "auth.permission", "pk": 23, "fields": {"name": "Can delete session", "content_type": 6, "codename": "delete_session"}}, {"model": "auth.permission", "pk": 24, "fields": {"name": "Can view session", "content_type": 6, "codename": "view_session"}}, {"model": "auth.permission", "pk": 25, "fields": {"name": "Can add survey", "content_type": 7, "codename": "add_survey"}}, {"model": "auth.permission", "pk": 26, "fields": {"name": "Can change survey", "content_type": 7, "codename": "change_survey"}}, {"model": "auth.permission", "pk": 27, "fields": {"name": "Can delete survey", "content_type": 7, "codename": "delete_survey"}}, {"model": "auth.permission", "pk": 28, "fields": {"name": "Can view survey", "content_type": 7, "codename": "view_survey"}}, {"model": "auth.permission", "pk": 29, "fields": {"name": "Can add question", "content_type": 8, "codename": "add_question"}}, {"model": "auth.permission", "pk": 30, "fields": {"name": "Can change question", "content_type": 8, "codename": "change_question"}}, {"model": "auth.permission", "pk": 31, "fields": {"name": "Can delete question", "content_type": 8, "codename": "delete_question"}}, {"model": "auth.permission", "pk": 32, "fields": {"name": "Can view question", "content_type": 8, "codename": "view_question"}}, {"model": "auth.permission", "pk": 33, "fields": {"name": "Can add answer", "content_type": 9, "codename": "add_answer"}}, {"model": "auth.permission", "pk": 34, "fields": {"name": "Can change answer", "content_type": 9, "codename": "change_answer"}}, {"model": "auth.permission", "pk": 35, "fields": {"name": "Can delete answer", "content_type": 9, "codename": "delete_answer"}}, {"model": "auth.permission", "pk": 36, "fields": {"name": "Can view answer", "content_type": 9, "codename": "view_answer"}}, {"model": "auth.permission", "pk": 37, "fields": {"name": "Can add answer", "content_type": 10, "codename": "add_answer"}}, {"model": "auth.permission", "pk": 38, "fields": {"name": "Can change answer", "content_type": 10, "codename": "change_answer"}}, {"model": "auth.permission", "pk": 39, "fields": {"name": "Can delete answer", "content_type": 10, "codename": "delete_answer"}}, {"model": "auth.permission", "pk": 40, "fields": {"name": "Can view answer", "content_type": 10, "codename": "view_answer"}}, {"model": "auth.permission", "pk": 41, "fields": {"name": "Can add question", "content_type": 11, "codename": "add_question"}}, {"model": "auth.permission", "pk": 42, "fields": {"name": "Can change question", "content_type": 11, "codename": "change_question"}}, {"model": "auth.permission", "pk": 43, "fields": {"name": "Can delete question", "content_type": 11, "codename": "delete_question"}}, {"model": "auth.permission", "pk": 44, "fields": {"name": "Can view question", "content_type": 11, "codename": "view_question"}}, {"model": "auth.user", "pk": 1, "fields": {"password": "pbkdf2_sha256$260000$cdzHkiSGp6LC54mkJ7rwsx$omRAcYohV7ejIP/IUkbOawioy1LVrml3Cw1ZrRj3cxU=", "last_login": "2021-11-20T01:38:53.624Z", "is_superuser": true, "username": "admin", "first_name": "", "last_name": "", "email": "admin@admin.admin", "is_staff": true, "is_active": true, "date_joined": "2021-11-20T01:34:10.764Z", "groups": [], "user_permissions": []}}, {"model": "contenttypes.contenttype", "pk": 1, "fields": {"app_label": "admin", "model": "logentry"}}, {"model": "contenttypes.contenttype", "pk": 2, "fields": {"app_label": "auth", "model": "permission"}}, {"model": "contenttypes.contenttype", "pk": 3, "fields": {"app_label": "auth", "model": "group"}}, {"model": "contenttypes.contenttype", "pk": 4, "fields": {"app_label": "auth", "model": "user"}}, {"model": "contenttypes.contenttype", "pk": 5, "fields": {"app_label": "contenttypes", "model": "contenttype"}}, {"model": "contenttypes.contenttype", "pk": 6, "fields": {"app_label": "sessions", "model": "session"}}, {"model": "contenttypes.contenttype", "pk": 7, "fields": {"app_label": "survey", "model": "survey"}}, {"model": "contenttypes.contenttype", "pk": 8, "fields": {"app_label": "survey", "model": "question"}}, {"model": "contenttypes.contenttype", "pk": 9, "fields": {"app_label": "survey", "model": "answer"}}, {"model": "contenttypes.contenttype", "pk": 10, "fields": {"app_label": "question", "model": "answer"}}, {"model": "contenttypes.contenttype", "pk": 11, "fields": {"app_label": "question", "model": "question"}}, {"model": "sessions.session", "pk": "j4q7lkysvo0p0w1vkxou3ujnqshewk66", "fields": {"session_data": ".eJxVjEsOAiEQBe_C2hAHWhpcuvcMpJuPjBpIhpmV8e5KMgvdvqp6L-FpW4vfelr8HMVZTOLwuzGFR6oDxDvVW5Oh1XWZWQ5F7rTLa4vpedndv4NCvXxrpMAqakvWOTg5Zo0QGZMCADQ5aZsVIuhwnFwOGkI2GchFY4aMWbw_4cA3-Q:1moFLB:KtbDMwNTq5KNWJmSKX-ooCCbkM41OwLhJwT9YUajBu8", "expire_date": "2021-12-04T01:38:53.627Z"}}, {"model": "survey.survey", "pk": 1, "fields": {"author": 1, "name": "string", "description": "string", "creation_date": "2021-11-20T01:39:09.438Z"}}, {"model": "survey.survey", "pk": 2, "fields": {"author": 1, "name": "string", "description": "string", "creation_date": "2021-11-20T01:39:12.824Z"}}, {"model": "survey.survey", "pk": 3, "fields": {"author": 1, "name": "string", "description": "string", "creation_date": "2021-11-20T01:39:13.001Z"}}, {"model": "survey.survey", "pk": 4, "fields": {"author": 1, "name": "string", "description": "string", "creation_date": "2021-11-20T01:39:13.136Z"}}, {"model": "survey.survey", "pk": 5, "fields": {"author": 1, "name": "string", "description": "string", "creation_date": "2021-11-20T01:39:13.323Z"}}, {"model": "survey.survey", "pk": 6, "fields": {"author": 1, "name": "string", "description": "string", "creation_date": "2021-11-20T01:39:13.486Z"}}, {"model": "survey.survey", "pk": 8, "fields": {"author": 1, "name": "string", "description": "string", "creation_date": "2021-11-20T01:39:13.790Z"}}, {"model": "survey.survey", "pk": 9, "fields": {"author": 1, "name": "string", "description": "string", "creation_date": "2021-11-20T01:39:13.931Z"}}, {"model": "survey.survey", "pk": 10, "fields": {"author": 1, "name": "string", "description": "string", "creation_date": "2021-11-20T01:39:14.085Z"}}, {"model": "survey.survey", "pk": 11, "fields": {"author": 1, "name": "string", "description": "string", "creation_date": "2021-11-20T01:39:14.253Z"}}, {"model": "survey.survey", "pk": 12, "fields": {"author": 1, "name": "string", "description": "string", "creation_date": "2021-11-20T01:39:14.399Z"}}, {"model": "survey.survey", "pk": 13, "fields": {"author": 1, "name": "string", "description": "string", "creation_date": "2021-11-20T01:39:14.580Z"}}, {"model": "survey.survey", "pk": 14, "fields": {"author": 1, "name": "string", "description": "string", "creation_date": "2021-11-20T01:39:14.714Z"}}, {"model": "survey.survey", "pk": 15, "fields": {"author": 1, "name": "string", "description": "string", "creation_date": "2021-11-20T02:19:41.012Z"}}, {"model": "survey.survey", "pk": 16, "fields": {"author": 1, "name": "stringdsvds", "description": "stringassafaf", "creation_date": "2021-11-20T02:20:31.370Z"}}, {"model": "survey.survey", "pk": 17, "fields": {"author": 1, "name": "string", "description": "string", "creation_date": "2021-11-20T11:55:24.180Z"}}, {"model": "survey.survey", "pk": 18, "fields": {"author": 1, "name": "string", "description": "string", "creation_date": "2021-11-20T11:59:37.433Z"}}, {"model": "survey.survey", "pk": 19, "fields": {"author": 1, "name": "string", "description": "string", "creation_date": "2021-11-20T12:03:51.476Z"}}, {"model": "survey.survey", "pk": 20, "fields": {"author": 1, "name": "string", "description": "string", "creation_date": "2021-11-20T12:05:47.055Z"}}, {"model": "survey.survey", "pk": 21, "fields": {"author": 1, "name": "string", "description": "string", "creation_date": "2021-11-20T12:06:31.425Z"}}, {"model": "survey.survey", "pk": 22, "fields": {"author": 1, "name": "string", "description": "string", "creation_date": "2021-11-20T12:06:47.961Z"}}, {"model": "survey.survey", "pk": 23, "fields": {"author": 1, "name": "string", "description": "string", "creation_date": "2021-11-20T12:10:11.657Z"}}, {"model": "survey.survey", "pk": 24, "fields": {"author": 1, "name": "string", "description": "string", "creation_date": "2021-11-20T12:17:19.857Z"}}, {"model": "survey.survey", "pk": 25, "fields": {"author": 1, "name": "string", "description": "string", "creation_date": "2021-11-20T12:17:38.075Z"}}, {"model": "survey.survey", "pk": 26, "fields": {"author": 1, "name": "string", "description": "string", "creation_date": "2021-11-20T12:17:39.578Z"}}, {"model": "survey.survey", "pk": 27, "fields": {"author": 1, "name": "string", "description": "string", "creation_date": "2021-11-20T12:17:40.770Z"}}, {"model": "survey.survey", "pk": 28, "fields": {"author": 1, "name": "string", "description": "string", "creation_date": "2021-11-20T12:18:12.377Z"}}, {"model": "survey.survey", "pk": 29, "fields": {"author": 1, "name": "string", "description": "string", "creation_date": "2021-11-20T12:18:14.524Z"}}, {"model": "survey.survey", "pk": 30, "fields": {"author": 1, "name": "string", "description": "string", "creation_date": "2021-11-20T12:27:33.870Z"}}, {"model": "survey.survey", "pk": 31, "fields": {"author": 1, "name": "string", "description": "string", "creation_date": "2021-11-20T12:28:36.978Z"}}, {"model": "survey.survey", "pk": 32, "fields": {"author": 1, "name": "string", "description": "string", "creation_date": "2021-11-20T12:28:37.193Z"}}, {"model": "survey.survey", "pk": 33, "fields": {"author": 1, "name": "string", "description": "string", "creation_date": "2021-11-20T12:28:39.032Z"}}, {"model": "survey.survey", "pk": 34, "fields": {"author": 1, "name": "string", "description": "string", "creation_date": "2021-11-20T12:28:52.640Z"}}, {"model": "survey.survey", "pk": 35, "fields": {"author": 1, "name": "string", "description": "string", "creation_date": "2021-11-20T12:29:50.366Z"}}, {"model": "survey.survey", "pk": 36, "fields": {"author": 1, "name": "string", "description": "string", "creation_date": "2021-11-20T12:34:18.204Z"}}, {"model": "survey.survey", "pk": 37, "fields": {"author": 1, "name": "string", "description": "string", "creation_date": "2021-11-20T12:34:18.384Z"}}, {"model": "survey.survey", "pk": 38, "fields": {"author": 1, "name": "string", "description": "string", "creation_date": "2021-11-20T12:35:24.895Z"}}, {"model": "survey.survey", "pk": 39, "fields": {"author": 1, "name": "string", "description": "string", "creation_date": "2021-11-20T12:35:25.397Z"}}, {"model": "survey.survey", "pk": 40, "fields": {"author": 1, "name": "string", "description": "string", "creation_date": "2021-11-20T12:36:05.243Z"}}, {"model": "survey.survey", "pk": 41, "fields": {"author": 1, "name": "string", "description": "string", "creation_date": "2021-11-20T12:36:26.991Z"}}, {"model": "survey.survey", "pk": 42, "fields": {"author": 1, "name": "string", "description": "string", "creation_date": "2021-11-20T12:36:28.925Z"}}, {"model": "survey.survey", "pk": 43, "fields": {"author": 1, "name": "string", "description": "string", "creation_date": "2021-11-20T12:36:29.120Z"}}, {"model": "survey.survey", "pk": 44, "fields": {"author": 1, "name": "string", "description": "string", "creation_date": "2021-11-20T12:36:29.675Z"}}, {"model": "survey.survey", "pk": 45, "fields": {"author": 1, "name": "string", "description": "string", "creation_date": "2021-11-20T12:36:29.885Z"}}, {"model": "survey.survey", "pk": 46, "fields": {"author": 1, "name": "string", "description": "string", "creation_date": "2021-11-20T12:36:30.430Z"}}, {"model": "survey.survey", "pk": 47, "fields": {"author": 1, "name": "string", "description": "string", "creation_date": "2021-11-20T12:39:34.321Z"}}, {"model": "survey.survey", "pk": 48, "fields": {"author": 1, "name": "string", "description": "string", "creation_date": "2021-11-20T12:40:23.522Z"}}, {"model": "survey.survey", "pk": 49, "fields": {"author": 1, "name": "string", "description": "string", "creation_date": "2021-11-20T12:41:30.996Z"}}, {"model": "survey.survey", "pk": 50, "fields": {"author": 1, "name": "string", "description": "string", "creation_date": "2021-11-20T12:41:31.189Z"}}, {"model": "survey.survey", "pk": 51, "fields": {"author": 1, "name": "string", "description": "string", "creation_date": "2021-11-20T12:43:11.592Z"}}, {"model": "survey.survey", "pk": 52, "fields": {"author": 1, "name": "string", "description": "string", "creation_date": "2021-11-20T12:43:29.783Z"}}, {"model": "survey.survey", "pk": 53, "fields": {"author": 1, "name": "string", "description": "string", "creation_date": "2021-11-20T12:43:29.971Z"}}, {"model": "survey.survey", "pk": 54, "fields": {"author": 1, "name": "string", "description": "string", "creation_date": "2021-11-20T12:46:37.369Z"}}, {"model": "survey.survey", "pk": 55, "fields": {"author": 1, "name": "string", "description": "string", "creation_date": "2021-11-20T12:48:44.988Z"}}, {"model": "question.question", "pk": 3, "fields": {"text": "strin32r322g", "creation_date": "2021-11-20T02:32:17.748Z", "correct_answer": "option4", "survey": 16, "author": 1}}, {"model": "question.question", "pk": 4, "fields": {"text": "aweqwe", "creation_date": "2021-11-20T02:32:27.242Z", "correct_answer": "option1", "survey": 14, "author": 1}}, {"model": "question.question", "pk": 5, "fields": {"text": "string", "creation_date": "2021-11-20T02:32:28.058Z", "correct_answer": "option1", "survey": 1, "author": 1}}, {"model": "question.question", "pk": 6, "fields": {"text": "aweqwe", "creation_date": "2021-11-20T02:32:28.244Z", "correct_answer": "option1", "survey": 14, "author": 1}}, {"model": "question.question", "pk": 7, "fields": {"text": "string", "creation_date": "2021-11-20T02:32:28.416Z", "correct_answer": "option1", "survey": 4, "author": 1}}, {"model": "question.question", "pk": 8, "fields": {"text": "aweqwe", "creation_date": "2021-11-20T02:32:28.771Z", "correct_answer": "option1", "survey": 14, "author": 1}}, {"model": "question.question", "pk": 10, "fields": {"text": "aweqwe", "creation_date": "2021-11-20T02:32:29.199Z", "correct_answer": "option1", "survey": 14, "author": 1}}, {"model": "question.question", "pk": 11, "fields": {"text": "aweqwe", "creation_date": "2021-11-20T02:32:29.373Z", "correct_answer": "option1", "survey": 14, "author": 1}}, {"model": "question.question", "pk": 12, "fields": {"text": "aweqwe", "creation_date": "2021-11-20T02:32:32.694Z", "correct_answer": "option1", "survey": 14, "author": 1}}, {"model": "question.question", "pk": 13, "fields": {"text": "sassvaweqwe", "creation_date": "2021-11-20T02:33:40.027Z", "correct_answer": "option1", "survey": 14, "author": 1}}, {"model": "question.question", "pk": 14, "fields": {"text": "string", "creation_date": "2021-11-20T12:46:37.370Z", "correct_answer": "option1", "survey": 54, "author": 1}}, {"model": "question.question", "pk": 15, "fields": {"text": "string", "creation_date": "2021-11-20T12:48:44.990Z", "correct_answer": "option1", "survey": 55, "author": 1}}, {"model": "question.question", "pk": 16, "fields": {"text": "string", "creation_date": "2021-11-20T12:52:31.909Z", "correct_answer": "option1", "survey": 1, "author": 1}}, {"model": "question.answer", "pk": 1, "fields": {"answer": "option1", "question": 8, "correct": true, "answered_at": "2021-11-20T11:41:25.172Z", "respondent": 1}}, {"model": "question.answer", "pk": 2, "fields": {"answer": "option1", "question": 11, "correct": true, "answered_at": "2021-11-20T12:47:09.754Z", "respondent": 1}}, {"model": "question.answer", "pk": 3, "fields": {"answer": "option1", "question": 6, "correct": true, "answered_at": "2021-11-20T12:54:47.151Z", "respondent": 1}}, {"model": "question.answer", "pk": 4, "fields": {"answer": "option1", "question": 14, "correct": true, "answered_at": "2021-11-20T12:57:07.942Z", "respondent": 1}}, {"model": "question.answer", "pk": 5, "fields": {"answer": "option1", "question": 12, "correct": true, "answered_at": "2021-11-20T12:57:22.870Z", "respondent": 1}}, {"model": "question.answer", "pk": 6, "fields": {"answer": "option1", "question": 13, "correct": true, "answered_at": "2021-11-20T12:57:55.627Z", "respondent": 1}}]